{
  "task_id": 2,
  "calibration_anchors": {
    "replayer_raw": 0.0,
    "oracle_raw": 0.1710570836616957
  },
  "models": {
    "openvla": {
      "n_valid": 72,
      "center_x": -0.07742637977050454,
      "center_y": -0.0014609874660129127,
      "n_pairs": 69,
      "n_success_pairs": 16,
      "raw_sensitivity_per_m": 0.17244311351977737,
      "raw_sensitivity_success_only": 0.15861357097174084,
      "calibrated_0_1": 1.0,
      "calibrated_success_only_0_1": 0.9272552037975537,
      "vla_trace_whitebox": {
        "model": "openvla",
        "visual_dependency": 0.6865057184689206,
        "attention_mass_object": 0.5882,
        "patchmask_target_bg_avg_drop": 47.75
      }
    },
    "pi05": {
      "n_valid": 72,
      "center_x": -0.07742637977050454,
      "center_y": -0.0014609874660129127,
      "n_pairs": 69,
      "n_success_pairs": 69,
      "raw_sensitivity_per_m": 0.050580124073882786,
      "raw_sensitivity_success_only": 0.050580124073882786,
      "calibrated_0_1": 0.29569149076524937,
      "calibrated_success_only_0_1": 0.29569149076524937,
      "vla_trace_whitebox": {
        "model": "pi05",
        "visual_dependency": 0.9895833333333334,
        "attention_mass_object": 0.6328,
        "patchmask_target_bg_avg_drop": 76.45
      }
    }
  },
  "separation": {
    "action_sensitivity_calibrated_delta": 0.7043085092347506,
    "action_sensitivity_raw_delta": 0.12186298944589458,
    "vla_trace_visual_dependency_delta": 0.30307761486441276,
    "vla_trace_attention_mass_delta": 0.044600000000000084,
    "action_sensitivity_separates_more_than_visual_dep": false,
    "action_sensitivity_separates_more_than_attn_mass": true
  }
}