{
  "task_id": 0,
  "center_x": -0.06,
  "center_y": 0.2,
  "ranges": [
    {
      "half_width_m": 0.1,
      "controls": {
        "replayer": {
          "slope": 0.5138150893572265,
          "intercept": 0.07783021851902666,
          "r2": 0.0954916361861009,
          "pearson": 0.30901721017784894,
          "n": 25,
          "slope_ci_95": {
            "lo": -0.0423394764668868,
            "hi": 1.118091020738333
          },
          "label": "replayer",
          "perturbation_span_m": 0.1414213562373095,
          "mean_grasp_error_m": 0.1259840505763887,
          "max_grasp_error_m": 0.23245056838666248
        },
        "oracle": {
          "slope": 0.0,
          "intercept": 0.0,
          "r2": NaN,
          "pearson": NaN,
          "n": 25,
          "slope_ci_95": {
            "lo": 0.0,
            "hi": 0.0
          },
          "label": "oracle",
          "perturbation_span_m": 0.1414213562373095,
          "mean_grasp_error_m": 0.0,
          "max_grasp_error_m": 0.0
        }
      },
      "models": {
        "openvla": {
          "exists": true,
          "path": "wide_task0_openvla_w10cm_rollouts.csv",
          "n_valid": 104,
          "n_skipped": 21,
          "n_success": 21,
          "success_rate": 0.20192307692307693,
          "regression_all": {
            "slope": 1.0819714787504842,
            "intercept": 0.027209860089306852,
            "r2": 0.250656098474908,
            "pearson": 0.5006556685736298,
            "n": 104,
            "slope_ci_95": {
              "lo": 0.8093804309500704,
              "hi": 1.3657845557916628
            },
            "label": "all_valid",
            "perturbation_span_m": 0.1494346431843008,
            "mean_grasp_error_m": 0.12576913966416758,
            "max_grasp_error_m": 0.33434098125036305
          },
          "regression_successes": {
            "slope": 1.1955601822379671,
            "intercept": 0.014253439041437412,
            "r2": 0.19947707664428183,
            "pearson": 0.4466285667579739,
            "n": 21,
            "slope_ci_95": {
              "lo": -0.08604416446269648,
              "hi": 2.636547048250385
            },
            "label": "successes",
            "perturbation_span_m": 0.11180533376943431,
            "mean_grasp_error_m": 0.0865273436867092,
            "max_grasp_error_m": 0.33434098125036305
          },
          "success_bins": [
            {
              "label": "0-5cm",
              "n": 16,
              "n_success": 8,
              "success_rate": 0.5
            },
            {
              "label": "5-10cm",
              "n": 29,
              "n_success": 8,
              "success_rate": 0.27586206896551724
            },
            {
              "label": "10-15cm",
              "n": 59,
              "n_success": 5,
              "success_rate": 0.0847457627118644
            }
          ]
        },
        "pi05": {
          "exists": true,
          "path": "wide_task0_pi05_w10cm_rollouts.csv",
          "n_valid": 104,
          "n_skipped": 21,
          "n_success": 79,
          "success_rate": 0.7596153846153846,
          "regression_all": {
            "slope": 0.09776234740781115,
            "intercept": 0.06114415607112803,
            "r2": 0.0027833418780943697,
            "pearson": 0.05275738695286578,
            "n": 104,
            "slope_ci_95": {
              "lo": -0.25580810135722376,
              "hi": 0.3942093772320776
            },
            "label": "all_valid",
            "perturbation_span_m": 0.1494346431843008,
            "mean_grasp_error_m": 0.07004955396681783,
            "max_grasp_error_m": 0.3345539574138295
          },
          "regression_successes": {
            "slope": 0.22523246863563104,
            "intercept": 0.04244558493092074,
            "r2": 0.01994534458057795,
            "pearson": 0.14122798795061056,
            "n": 79,
            "slope_ci_95": {
              "lo": 0.03283778590972654,
              "hi": 0.46441286397315656
            },
            "label": "successes",
            "perturbation_span_m": 0.1494346431843008,
            "mean_grasp_error_m": 0.06237147599595591,
            "max_grasp_error_m": 0.3345539574138295
          },
          "success_bins": [
            {
              "label": "0-5cm",
              "n": 16,
              "n_success": 12,
              "success_rate": 0.75
            },
            {
              "label": "5-10cm",
              "n": 29,
              "n_success": 25,
              "success_rate": 0.8620689655172413
            },
            {
              "label": "10-15cm",
              "n": 59,
              "n_success": 42,
              "success_rate": 0.711864406779661
            }
          ]
        }
      },
      "success_bins_note": [
        "0-5cm: n=16, success=50%",
        "5-10cm: n=29, success=28%",
        "10-15cm: n=59, success=8%"
      ]
    },
    {
      "half_width_m": 0.15,
      "controls": {
        "replayer": {
          "slope": 0.7140837699355259,
          "intercept": 0.06253951534025523,
          "r2": 0.26889151672775946,
          "pearson": 0.5185475067221509,
          "n": 25,
          "slope_ci_95": {
            "lo": 0.3078241671729673,
            "hi": 1.210719988357303
          },
          "label": "replayer",
          "perturbation_span_m": 0.21213203435596423,
          "mean_grasp_error_m": 0.16292349776293777,
          "max_grasp_error_m": 0.30237680351392043
        },
        "oracle": {
          "slope": 0.0,
          "intercept": 0.0,
          "r2": NaN,
          "pearson": NaN,
          "n": 25,
          "slope_ci_95": {
            "lo": 0.0,
            "hi": 0.0
          },
          "label": "oracle",
          "perturbation_span_m": 0.21213203435596423,
          "mean_grasp_error_m": 0.0,
          "max_grasp_error_m": 0.0
        }
      },
      "models": {
        "openvla": {
          "exists": true,
          "path": "wide_task0_openvla_w15cm_rollouts.csv",
          "n_valid": 103,
          "n_skipped": 22,
          "n_success": 11,
          "success_rate": 0.10679611650485436,
          "regression_all": {
            "slope": 0.9476902491987266,
            "intercept": 0.041753957730530714,
            "r2": 0.35226549953515685,
            "pearson": 0.5935195864798036,
            "n": 103,
            "slope_ci_95": {
              "lo": 0.7576573253953355,
              "hi": 1.1352245384384618
            },
            "label": "all_valid",
            "perturbation_span_m": 0.21221137984726496,
            "mean_grasp_error_m": 0.17230580861866227,
            "max_grasp_error_m": 0.3685238745327701
          },
          "regression_successes": {
            "slope": 1.3291850161546115,
            "intercept": 0.023478896106487214,
            "r2": 0.4433627313351469,
            "pearson": 0.6658548875957488,
            "n": 11,
            "slope_ci_95": {
              "lo": 0.21718792784725527,
              "hi": 2.469956930642253
            },
            "label": "successes",
            "perturbation_span_m": 0.16769947601068041,
            "mean_grasp_error_m": 0.11464680393785823,
            "max_grasp_error_m": 0.3685238745327701
          },
          "success_bins": [
            {
              "label": "0-5cm",
              "n": 5,
              "n_success": 4,
              "success_rate": 0.8
            },
            {
              "label": "5-10cm",
              "n": 20,
              "n_success": 4,
              "success_rate": 0.2
            },
            {
              "label": "10-15cm",
              "n": 25,
              "n_success": 2,
              "success_rate": 0.08
            },
            {
              "label": "15-20cm",
              "n": 37,
              "n_success": 1,
              "success_rate": 0.02702702702702703
            },
            {
              "label": "20-21cm",